{
  "United States": {
    "historical_years": [
      2000,
      2001,
      2002,
      2003,
      2004,
      2005,
      2006,
      2007,
      2008,
      2009,
      2010,
      2011,
      2012,
      2013,
      2014,
      2015,
      2016,
      2017,
      2018,
      2019,
      2020,
      2021,
      2022,
      2023,
      2024,
      2025
    ],
    "historical_values": [
      8.424007192070102,
      5.882194529626904,
      8.685657462815898,
      1.8706277809668215,
      2.613628623066027,
      5.391482545321122,
      3.2239279825618787,
      2.5417926698099302,
      3.0791655768932062,
      -0.26118701416888257,
      5.669244125536378,
      3.267489198764916,
      1.3917579946497278,
      3.7222355276692722,
      2.1455611874639264,
      4.216081841112509,
      3.7635238806703954,
      2.7664785657288364,
      1.3426486795927692,
      2.903982384622318,
      6.596858859783675,
      3.466702365279138,
      1.384435295478131,
      2.850613718524719,
      1.3149396309041976,
      4.345619614808524
    ],
    "forecast_years": [
      2026,
      2027,
      2028,
      2029,
      2030
    ],
    "forecast_values": [
      4.332846548898891,
      4.333794352175363,
      4.209372064137489,
      4.1515999203326635,
      4.098340343306804
    ],
    "confidence_intervals": {
      "68%": {
        "lower": [
          2.54556382690107,
          2.5126507950629633,
          2.3673764882732637,
          2.294694154463503,
          2.1919473103893443
        ],
        "upper": [
          6.120129270896712,
          6.154937909287762,
          6.051367640001715,
          6.008505686201824,
          6.004733376224263
        ]
      },
      "80%": {
        "lower": [
          2.04512466474168,
          2.002730599071491,
          1.851617727031281,
          1.7747605400201385,
          1.6581572611724558
        ],
        "upper": [
          6.620568433056102,
          6.664858105279235,
          6.567126401243698,
          6.528439300645188,
          6.538523425441152
        ]
      },
      "95%": {
        "lower": [
          0.8297724137831612,
          0.7643529802350599,
          0.5990607354436079,
          0.5120646192291098,
          0.3618099987885839
        ],
        "upper": [
          7.835920684014621,
          7.903235724115666,
          7.8196833928313705,
          7.7911352214362175,
          7.834870687825024
        ]
      }
    }
  },
  "Germany": {
    "historical_years": [
      2000,
      2001,
      2002,
      2003,
      2004,
      2005,
      2006,
      2007,
      2008,
      2009,
      2010,
      2011,
      2012,
      2013,
      2014,
      2015,
      2016,
      2017,
      2018,
      2019,
      2020,
      2021,
      2022,
      2023,
      2024,
      2025
    ],
    "historical_values": [
      8.17300929937293,
      3.582770579290458,
      4.992779587611617,
      4.132369529731289,
      3.5871182421193697,
      7.441143501144692,
      4.959040069198625,
      3.294184748198038,
      4.249564212244433,
      3.7245868376628706,
      7.735267121312148,
      4.588903044812433,
      5.570005827994179,
      3.859851043470528,
      3.9026629045856747,
      7.9694290258278055,
      5.253818894378493,
      5.7665387121020135,
      4.84765525496968,
      6.340008997459813,
      6.253507548850452,
      3.262280005295217,
      4.706408276938933,
      5.39848936500781,
      3.693550634490625,
      7.123684259503626
    ],
    "forecast_years": [
      2026,
      2027,
      2028,
      2029,
      2030
    ],
    "forecast_values": [
      4.332846548898891,
      4.333794352175363,
      4.209372064137489,
      4.1515999203326635,
      4.098340343306804
    ],
    "confidence_intervals": {
      "68%": {
        "lower": [
          2.54556382690107,
          2.5126507950629633,
          2.3673764882732637,
          2.294694154463503,
          2.1919473103893443
        ],
        "upper": [
          6.120129270896712,
          6.154937909287762,
          6.051367640001715,
          6.008505686201824,
          6.004733376224263
        ]
      },
      "80%": {
        "lower": [
          2.04512466474168,
          2.002730599071491,
          1.851617727031281,
          1.7747605400201385,
          1.6581572611724558
        ],
        "upper": [
          6.620568433056102,
          6.664858105279235,
          6.567126401243698,
          6.528439300645188,
          6.538523425441152
        ]
      },
      "95%": {
        "lower": [
          0.8297724137831612,
          0.7643529802350599,
          0.5990607354436079,
          0.5120646192291098,
          0.3618099987885839
        ],
        "upper": [
          7.835920684014621,
          7.903235724115666,
          7.8196833928313705,
          7.7911352214362175,
          7.834870687825024
        ]
      }
    }
  },
  "India": {
    "historical_years": [
      2000,
      2001,
      2002,
      2003,
      2004,
      2005,
      2006,
      2007,
      2008,
      2009,
      2010,
      2011,
      2012,
      2013,
      2014,
      2015,
      2016,
      2017,
      2018,
      2019,
      2020,
      2021,
      2022,
      2023,
      2024,
      2025
    ],
    "historical_values": [
      4.054210535110043,
      3.247032568165618,
      0.8259297223269925,
      2.209708926706172,
      -0.8805204945518378,
      1.7518992771776953,
      0.6541449740110646,
      -3.5220981012667334,
      -3.1843906114010148,
      -0.9701735424158414,
      1.0133892748417952,
      0.6679112858633652,
      -1.3171339317046828,
      -4.1085977652404475,
      -1.2250412181784651,
      4.656236209758282,
      -1.111331442676473,
      0.1257414441750838,
      -2.329891245995308,
      0.5855338880167493,
      2.7326467225601494,
      -0.7500943014386423,
      -2.1809457979159044,
      -0.550007680654066,
      -1.2913929542439826,
      4.42867494845299
    ],
    "forecast_years": [
      2026,
      2027,
      2028,
      2029,
      2030
    ],
    "forecast_values": [
      4.332846548898891,
      4.333794352175363,
      4.209372064137489,
      4.1515999203326635,
      4.098340343306804
    ],
    "confidence_intervals": {
      "68%": {
        "lower": [
          2.54556382690107,
          2.5126507950629633,
          2.3673764882732637,
          2.294694154463503,
          2.1919473103893443
        ],
        "upper": [
          6.120129270896712,
          6.154937909287762,
          6.051367640001715,
          6.008505686201824,
          6.004733376224263
        ]
      },
      "80%": {
        "lower": [
          2.04512466474168,
          2.002730599071491,
          1.851617727031281,
          1.7747605400201385,
          1.6581572611724558
        ],
        "upper": [
          6.620568433056102,
          6.664858105279235,
          6.567126401243698,
          6.528439300645188,
          6.538523425441152
        ]
      },
      "95%": {
        "lower": [
          0.8297724137831612,
          0.7643529802350599,
          0.5990607354436079,
          0.5120646192291098,
          0.3618099987885839
        ],
        "upper": [
          7.835920684014621,
          7.903235724115666,
          7.8196833928313705,
          7.7911352214362175,
          7.834870687825024
        ]
      }
    }
  }
}