{
  "United States": {
    "historical_years": [
      2000,
      2001,
      2002,
      2003,
      2004,
      2005,
      2006,
      2007,
      2008,
      2009,
      2010,
      2011,
      2012,
      2013,
      2014,
      2015,
      2016,
      2017,
      2018,
      2019,
      2020,
      2021,
      2022,
      2023,
      2024,
      2025
    ],
    "historical_values": [
      8.424007192070102,
      5.882194529626904,
      8.685657462815898,
      1.8706277809668215,
      2.613628623066027,
      5.391482545321122,
      3.2239279825618787,
      2.5417926698099302,
      3.0791655768932062,
      -0.26118701416888257,
      5.669244125536378,
      3.267489198764916,
      1.3917579946497278,
      3.7222355276692722,
      2.1455611874639264,
      4.216081841112509,
      3.7635238806703954,
      2.7664785657288364,
      1.3426486795927692,
      2.903982384622318,
      6.596858859783675,
      3.466702365279138,
      1.384435295478131,
      2.850613718524719,
      1.3149396309041976,
      4.345619614808524
    ],
    "forecast_years": [
      2026,
      2027,
      2028,
      2029,
      2030
    ],
    "forecast_values": [
      4.332846548898891,
      4.333794352175363,
      4.209372064137489,
      4.1515999203326635,
      4.098340343306804
    ],
    "confidence_intervals": {
      "68%": {
        "lower": 